﻿Name,Quantity,Set (Optional),Notes (Optional)
MirrorMorph: Endless Iteration,1,Downfall 31,Regular
Architect Deployment Test,3,Downfall 32,Regular
Calvin B4L3Y,3,Downfall 33,Regular
Nanoetching Matrix,3,Downfall 34,Regular
Hagen,3,Downfall 35,Regular
Fully Operational,3,Downfall 36,Regular
Red Level Clearance,3,Downfall 37,Regular
Cold Site Server,3,Downfall 38,Regular
Hyoubu Institute: Absolute Clarity,1,Downfall 39,Regular
Project Yagi-Uda,3,Downfall 40,Regular
Sting!,3,Downfall 41,Regular
Public Health Portal,3,Downfall 42,Regular
Storgotic Resonator,3,Downfall 43,Regular
Saisentan,3,Downfall 44,Regular
Complete Image,3,Downfall 45,Regular
Letheia Nisei,3,Downfall 46,Regular
Remastered Edition,3,Downfall 47,Regular
Daily Quest,3,Downfall 48,Regular
Tiered Subscription,3,Downfall 49,Regular
Congratulations!,3,Downfall 50,Regular
Loot Box,3,Downfall 51,Regular
Focus Group,3,Downfall 52,Regular
Game Over,3,Downfall 53,Regular
Increased Drop Rates,3,Downfall 54,Regular
Divested Trust,3,Downfall 55,Regular
SDS Drone Deployment,3,Downfall 56,Regular
Roughneck Repair Squad,3,Downfall 57,Regular
Afshar,3,Downfall 58,Regular
Sandstone,3,Downfall 59,Regular
Trebuchet,3,Downfall 60,Regular
Secure and Protect,3,Downfall 61,Regular
Reduced Service,3,Downfall 62,Regular
Vulnerability Audit,3,Downfall 63,Regular
CSR Campaign,3,Downfall 64,Regular
Rime,3,Downfall 65,Regular
Project Vacheron,3,Uprising 97,Regular
Bass CH1R180G4,3,Uprising 98,Regular
Cerebral Overwriter,3,Uprising 99,Regular
Vaporframe Fabricator,3,Uprising 100,Regular
Drafter,3,Uprising 101,Regular
Týr,3,Uprising 102,Regular
NEXT Activation Command,3,Uprising 103,Regular
Scapenet,3,Uprising 104,Regular
Tranquility Home Grid,3,Uprising 105,Regular
Flower Sermon,3,Uprising 106,Regular
Prāna Condenser,3,Uprising 107,Regular
Engram Flush,3,Uprising 108,Regular
Konjin,3,Uprising 109,Regular
Hyoubu Precog Manifold,3,Uprising 110,Regular
Kakurenbo,3,Uprising 111,Regular
GameNET: Where Dreams are Real,1,Uprising 113,Regular
Bellona,3,Uprising 114,Regular
F2P,3,Uprising 115,Regular
Gold Farmer,3,Uprising 116,Regular
SYNC Rerouting,3,Uprising 118,Regular
Ganked!,3,Uprising 119,Regular
Earth Station: SEA Headquarters,1,Uprising 120,Regular
Transport Monopoly,3,Uprising 121,Regular
Wall to Wall,3,Uprising 122,Regular
Akhet,3,Uprising 123,Regular
Colossus,3,Uprising 124,Regular
Winchester,3,Uprising 125,Regular
Argus Crackdown,3,Uprising 126,Regular
Cyberdex Sandbox,3,Uprising 128,Regular
False Lead,3,Uprising 129,Regular
NAPD Cordon,3,Uprising 130,Regular
Megaprix Qualifier,3,Uprising Booster Pack 4,Regular
La Costa Grid,3,Uprising Booster Pack 5,Regular
Digital Rights Management,3,Uprising Booster Pack 6,Regular
Cayambe Grid,3,Uprising Booster Pack 7,Regular
Haas-Bioroid: Precision Design,2,System Gateway 35,Regular
Luminal Transubstantiation,6,System Gateway 36,Regular
Nico Campaign,6,System Gateway 37,Regular
Ansel 1.0,6,System Gateway 38,Regular
Brân 1.0,6,System Gateway 39,Regular
Seamless Launch,6,System Gateway 40,Regular
Sprint,6,System Gateway 41,Regular
Manegarm Skunkworks,6,System Gateway 42,Regular
Jinteki: Restoring Humanity,2,System Gateway 43,Regular
Longevity Serum,6,System Gateway 44,Regular
Urtica Cipher,6,System Gateway 45,Regular
Diviner,6,System Gateway 46,Regular
Karunā,6,System Gateway 47,Regular
Hansei Review,6,System Gateway 48,Regular
Neurospike,6,System Gateway 49,Regular
Anoetic Void,6,System Gateway 50,Regular
NBN: Reality Plus,2,System Gateway 51,Regular
Tomorrow's Headline,6,System Gateway 52,Regular
Spin Doctor,6,System Gateway 53,Regular
Funhouse,6,System Gateway 54,Regular
Ping,6,System Gateway 55,Regular
Predictive Planogram,6,System Gateway 56,Regular
Public Trail,6,System Gateway 57,Regular
AMAZE Amusements,6,System Gateway 58,Regular
Weyland Consortium: Built to Last,2,System Gateway 59,Regular
Above the Law,6,System Gateway 60,Regular
Clearinghouse,6,System Gateway 61,Regular
Ballista,6,System Gateway 62,Regular
Pharos,6,System Gateway 63,Regular
Government Subsidy,6,System Gateway 64,Regular
Retribution,6,System Gateway 65,Regular
Malapert Data Vault,6,System Gateway 66,Regular
Offworld Office,6,System Gateway 67,Regular
Orbital Superiority,6,System Gateway 68,Regular
Send a Message,6,System Gateway 69,Regular
Superconducting Hub,6,System Gateway 70,Regular
Regolith Mining License,6,System Gateway 71,Regular
Palisade,6,System Gateway 72,Regular
Tithe,6,System Gateway 73,Regular
Whitespace,6,System Gateway 74,Regular
Hedge Fund,6,System Gateway 75,Regular
The Syndicate: Profit over Principle,2,System Gateway 77,Regular
Haas-Bioroid: Architects of Tomorrow,1,System Update 2021 40,Regular
Project Vitruvius,3,System Update 2021 41,Regular
Marilyn Campaign,3,System Update 2021 42,Regular
Eli 1.0,3,System Update 2021 43,Regular
Magnet,3,System Update 2021 44,Regular
Ravana 1.0,3,System Update 2021 45,Regular
Rototurret,3,System Update 2021 46,Regular
Archived Memories,3,System Update 2021 47,Regular
Biotic Labor,3,System Update 2021 48,Regular
Corporate Troubleshooter,3,System Update 2021 49,Regular
Jinteki: Personal Evolution,1,System Update 2021 50,Regular
House of Knives,3,System Update 2021 51,Regular
Nisei MK II,3,System Update 2021 52,Regular
Ronin,3,System Update 2021 53,Regular
Snare!,3,System Update 2021 54,Regular
Lotus Field,3,System Update 2021 55,Regular
Swordsman,3,System Update 2021 56,Regular
Celebrity Gift,3,System Update 2021 57,Regular
Trick of Light,3,System Update 2021 58,Regular
Hokusai Grid,3,System Update 2021 59,Regular
Near-Earth Hub: Broadcast Center,1,System Update 2021 60,Regular
License Acquisition,3,System Update 2021 61,Regular
Project Beale,3,System Update 2021 62,Regular
Daily Business Show,3,System Update 2021 63,Regular
Reversed Accounts,3,System Update 2021 64,Regular
Pop-up Window,3,System Update 2021 65,Regular
Tollbooth,3,System Update 2021 66,Regular
Wraparound,3,System Update 2021 67,Regular
Psychographics,3,System Update 2021 68,Regular
SanSan City Grid,3,System Update 2021 69,Regular
Weyland Consortium: Building a Better World,1,System Update 2021 70,Regular
Hostile Takeover,3,System Update 2021 71,Regular
Oaktown Renovation,3,System Update 2021 72,Regular
Project Atlas,3,System Update 2021 73,Regular
Corporate Town,3,System Update 2021 74,Regular
Archer,3,System Update 2021 75,Regular
Hortum,3,System Update 2021 76,Regular
Ice Wall,3,System Update 2021 77,Regular
Punitive Counterstrike,3,System Update 2021 78,Regular
Crisium Grid,3,System Update 2021 79,Regular
PAD Campaign,3,System Update 2021 80,Regular
Enigma,3,System Update 2021 81,Regular
Subliminal Messaging,3,System Update 2021 82,Regular
Élivágar Bifurcation,3,Midnight Sun 31,Regular
Midnight-3 Arcology,3,Midnight Sun 32,Regular
Refuge Campaign,3,Midnight Sun 33,Regular
Trieste Model Bioroids,3,Midnight Sun 34,Regular
Echo,3,Midnight Sun 35,Regular
Hákarl 1.0,3,Midnight Sun 36,Regular
Wave,3,Midnight Sun 37,Regular
Big Deal,3,Midnight Sun 38,Regular
Blood in the Water,3,Midnight Sun 39,Regular
Regenesis,3,Midnight Sun 40,Regular
Bladderwort,3,Midnight Sun 41,Regular
Moon Pool,3,Midnight Sun 42,Regular
Anemone,3,Midnight Sun 43,Regular
Bathynomus,3,Midnight Sun 44,Regular
Ivik,3,Midnight Sun 45,Regular
Mitosis,3,Midnight Sun 46,Regular
Mavirus,3,Midnight Sun 47,Regular
Pravdivost Consulting: Political Solutions,1,Midnight Sun 48,Regular
Artificial Cryptocrash,3,Midnight Sun 49,Regular
Chekist Scion,3,Midnight Sun 50,Regular
Drago Ivanov,3,Midnight Sun 51,Regular
Ubiquitous Vig,3,Midnight Sun 52,Regular
Mestnichestvo,3,Midnight Sun 53,Regular
Vasilisa,3,Midnight Sun 54,Regular
Backroom Machinations,3,Midnight Sun 55,Regular
Vladisibirsk City Grid,3,Midnight Sun 56,Regular
Ob Superheavy Logistics: Extract. Export. Excel.,1,Midnight Sun 57,Regular
Azef Protocol,3,Midnight Sun 58,Regular
Svyatogor Excavator,3,Midnight Sun 59,Regular
Envelopment,3,Midnight Sun 60,Regular
Maskirovka,3,Midnight Sun 61,Regular
Stavka,3,Midnight Sun 62,Regular
Extract,3,Midnight Sun 63,Regular
Mutually Assured Destruction,3,Midnight Sun 64,Regular
Trust Operation,3,Midnight Sun 65,Regular
Hákarl 1.0,3,Midnight Sun Booster Pack 4,Regular
Anemone,3,Midnight Sun Booster Pack 5,Regular
Vladisibirsk City Grid,3,Midnight Sun Booster Pack 6,Regular
Azef Protocol,3,Midnight Sun Booster Pack 7,Regular
Thule Subsea: Safety Below,1,Parhelion 95,Regular
Ontological Dependence,3,Parhelion 96,Regular
Nightmare Archive,3,Parhelion 97,Regular
Bloop,3,Parhelion 98,Regular
Pulse,3,Parhelion 99,Regular
Distributed Tracing,3,Parhelion 100,Regular
Hypoxia,3,Parhelion 101,Regular
Djupstad Grid,3,Parhelion 102,Regular
Mr. Hendrik,3,Parhelion 103,Regular
Issuaq Adaptics: Sustaining Diversity,1,Parhelion 104,Regular
Hybrid Release,3,Parhelion 105,Regular
Dr. Vientiane Keeling,3,Parhelion 106,Regular
Reaper Function,3,Parhelion 107,Regular
Hafrún,3,Parhelion 108,Regular
Vampyronassa,3,Parhelion 109,Regular
Simulation Reset,3,Parhelion 110,Regular
Nanisivik Grid,3,Parhelion 111,Regular
Freedom of Information,3,Parhelion 112,Regular
Post-Truth Dividend,3,Parhelion 113,Regular
Gaslight,3,Parhelion 114,Regular
Vera Ivanovna Shuyskaya,3,Parhelion 115,Regular
Klevetnik,3,Parhelion 116,Regular
Unsmiling Tsarevna,3,Parhelion 117,Regular
Nonequivalent Exchange,3,Parhelion 118,Regular
Shipment from Vladisibirsk,3,Parhelion 119,Regular
Regulatory Capture,3,Parhelion 120,Regular
Kimberlite Field,3,Parhelion 121,Regular
Hostile Architecture,3,Parhelion 122,Regular
Superdeep Borehole,3,Parhelion 123,Regular
Anvil,3,Parhelion 124,Regular
End of the Line,3,Parhelion 125,Regular
Yakov Erikovich Avdakov,3,Parhelion 126,Regular
ZATO City Grid,3,Parhelion 127,Regular
Ampère: Cybernetics For Anyone,1,Parhelion 128,Regular
Salvo Testing,3,The Automata Initiative 31,Regular
Stegodon MK IV,3,The Automata Initiative 32,Regular
Wage Workers,3,The Automata Initiative 33,Regular
Ablative Barrier,3,The Automata Initiative 34,Regular
Jaguarundi,3,The Automata Initiative 35,Regular
M.I.C.,3,The Automata Initiative 36,Regular
Greasing the Palm,3,The Automata Initiative 37,Regular
Vovô Ozetti,3,The Automata Initiative 38,Regular
A Teia: IP Recovery,1,The Automata Initiative 39,Regular
Fujii Asset Retrieval,3,The Automata Initiative 40,Regular
Front Company,3,The Automata Initiative 41,Regular
Attini,3,The Automata Initiative 42,Regular
Phoneutria,3,The Automata Initiative 43,Regular
Tatu-Bola,3,The Automata Initiative 44,Regular
Mindscaping,3,The Automata Initiative 45,Regular
Adrian Seis,3,The Automata Initiative 46,Regular
Daniela Jorge Inácio,3,The Automata Initiative 47,Regular
Epiphany Analytica: Nations Undivided,1,The Automata Initiative 48,Regular
Oracle Thinktank,3,The Automata Initiative 49,Regular
Balanced Coverage,3,The Automata Initiative 50,Regular
Behold!,3,The Automata Initiative 51,Regular
Federal Fundraising,3,The Automata Initiative 52,Regular
Starlit Knight,3,The Automata Initiative 53,Regular
Virtual Service Agent,3,The Automata Initiative 54,Regular
Oppo Research,3,The Automata Initiative 55,Regular
Your Digital Life,3,The Automata Initiative 56,Regular
Slash and Burn Agriculture,3,The Automata Initiative 57,Regular
Cybersand Harvester,3,The Automata Initiative 58,Regular
Tree Line,3,The Automata Initiative 59,Regular
Valentão,3,The Automata Initiative 60,Regular
Armed Asset Protection,3,The Automata Initiative 61,Regular
Pivot,3,The Automata Initiative 62,Regular
Angelique Garza Correa,3,The Automata Initiative 63,Regular
Tucana,3,The Automata Initiative 64,Regular
B-1001,3,The Automata Initiative 65,Regular
Haas-Bioroid: Precision Design,2,System Gateway 35,Project APEX Proxies
Luminal Transubstantiation,6,System Gateway 36,Project APEX Proxies
Nico Campaign,6,System Gateway 37,Project APEX Proxies
Ansel 1.0,6,System Gateway 38,Project APEX Proxies
Brân 1.0,6,System Gateway 39,Project APEX Proxies
Seamless Launch,6,System Gateway 40,Project APEX Proxies
Sprint,6,System Gateway 41,Project APEX Proxies
Manegarm Skunkworks,6,System Gateway 42,Project APEX Proxies
Jinteki: Restoring Humanity,2,System Gateway 43,Project APEX Proxies
Longevity Serum,6,System Gateway 44,Project APEX Proxies
Urtica Cipher,6,System Gateway 45,Project APEX Proxies
Diviner,6,System Gateway 46,Project APEX Proxies
Karunā,6,System Gateway 47,Project APEX Proxies
Hansei Review,6,System Gateway 48,Project APEX Proxies
Neurospike,6,System Gateway 49,Project APEX Proxies
Anoetic Void,6,System Gateway 50,Project APEX Proxies
NBN: Reality Plus,2,System Gateway 51,Project APEX Proxies
Tomorrow's Headline,6,System Gateway 52,Project APEX Proxies
Spin Doctor,6,System Gateway 53,Project APEX Proxies
Funhouse,6,System Gateway 54,Project APEX Proxies
Ping,6,System Gateway 55,Project APEX Proxies
Predictive Planogram,6,System Gateway 56,Project APEX Proxies
Public Trail,6,System Gateway 57,Project APEX Proxies
AMAZE Amusements,6,System Gateway 58,Project APEX Proxies
Weyland Consortium: Built to Last,2,System Gateway 59,Project APEX Proxies
Above the Law,6,System Gateway 60,Project APEX Proxies
Clearinghouse,6,System Gateway 61,Project APEX Proxies
Ballista,6,System Gateway 62,Project APEX Proxies
Pharos,6,System Gateway 63,Project APEX Proxies
Government Subsidy,6,System Gateway 64,Project APEX Proxies
Retribution,6,System Gateway 65,Project APEX Proxies
Malapert Data Vault,6,System Gateway 66,Project APEX Proxies
Offworld Office,6,System Gateway 67,Project APEX Proxies
Orbital Superiority,6,System Gateway 68,Project APEX Proxies
Send a Message,6,System Gateway 69,Project APEX Proxies
Superconducting Hub,6,System Gateway 70,Project APEX Proxies
Regolith Mining License,6,System Gateway 71,Project APEX Proxies
Palisade,6,System Gateway 72,Project APEX Proxies
Tithe,6,System Gateway 73,Project APEX Proxies
Whitespace,6,System Gateway 74,Project APEX Proxies
Hedge Fund,6,System Gateway 75,Project APEX Proxies
The Syndicate: Profit over Principle,2,System Gateway 77,Project APEX Proxies
Haas-Bioroid: Architects of Tomorrow,1,System Update 2021 40,Project APEX Proxies
Project Vitruvius,3,System Update 2021 41,Project APEX Proxies
Marilyn Campaign,3,System Update 2021 42,Project APEX Proxies
Eli 1.0,3,System Update 2021 43,Project APEX Proxies
Magnet,3,System Update 2021 44,Project APEX Proxies
Ravana 1.0,3,System Update 2021 45,Project APEX Proxies
Rototurret,3,System Update 2021 46,Project APEX Proxies
Archived Memories,3,System Update 2021 47,Project APEX Proxies
Biotic Labor,3,System Update 2021 48,Project APEX Proxies
Corporate Troubleshooter,3,System Update 2021 49,Project APEX Proxies
Jinteki: Personal Evolution,1,System Update 2021 50,Project APEX Proxies
House of Knives,3,System Update 2021 51,Project APEX Proxies
Nisei MK II,3,System Update 2021 52,Project APEX Proxies
Ronin,3,System Update 2021 53,Project APEX Proxies
Snare!,3,System Update 2021 54,Project APEX Proxies
Lotus Field,3,System Update 2021 55,Project APEX Proxies
Swordsman,3,System Update 2021 56,Project APEX Proxies
Celebrity Gift,3,System Update 2021 57,Project APEX Proxies
Trick of Light,3,System Update 2021 58,Project APEX Proxies
Hokusai Grid,3,System Update 2021 59,Project APEX Proxies
Near-Earth Hub: Broadcast Center,1,System Update 2021 60,Project APEX Proxies
License Acquisition,3,System Update 2021 61,Project APEX Proxies
Project Beale,3,System Update 2021 62,Project APEX Proxies
Daily Business Show,3,System Update 2021 63,Project APEX Proxies
Reversed Accounts,3,System Update 2021 64,Project APEX Proxies
Pop-up Window,3,System Update 2021 65,Project APEX Proxies
Tollbooth,3,System Update 2021 66,Project APEX Proxies
Wraparound,3,System Update 2021 67,Project APEX Proxies
Psychographics,3,System Update 2021 68,Project APEX Proxies
SanSan City Grid,3,System Update 2021 69,Project APEX Proxies
Weyland Consortium: Building a Better World,1,System Update 2021 70,Project APEX Proxies
Hostile Takeover,3,System Update 2021 71,Project APEX Proxies
Oaktown Renovation,3,System Update 2021 72,Project APEX Proxies
Project Atlas,3,System Update 2021 73,Project APEX Proxies
Corporate Town,3,System Update 2021 74,Project APEX Proxies
Archer,3,System Update 2021 75,Project APEX Proxies
Hortum,3,System Update 2021 76,Project APEX Proxies
Ice Wall,3,System Update 2021 77,Project APEX Proxies
Punitive Counterstrike,3,System Update 2021 78,Project APEX Proxies
Crisium Grid,3,System Update 2021 79,Project APEX Proxies
PAD Campaign,3,System Update 2021 80,Project APEX Proxies
Enigma,3,System Update 2021 81,Project APEX Proxies
Subliminal Messaging,3,System Update 2021 82,Project APEX Proxies
